publishedAt,authorDisplayName,textDisplay,likeCount,clean_text,sentiment_score,sentiment_label
2025-10-30T05:20:40Z,@rujalijali3653,Mundur,0,mundur,-1,negative
2025-10-28T04:51:47Z,@susilohadiwonosobo9156,"Anies, Ferry ğŸ¤®ğŸ¤®ğŸ¤®ğŸ’©ğŸ’©ğŸ’©ğŸ’©ğŸ¤¬ğŸ¤¬ğŸ¤¬ğŸ·ğŸ·ğŸ’”ğŸ’”ğŸ‘ºğŸ‘ºğŸ‘ºğŸ‡µğŸ‡±ğŸ‡µğŸ‡±ğŸ‡µğŸ‡±ğŸ‡µğŸ‡± 2029 ğŸ‘ğŸ‘ğŸ‘ğŸ‘ğŸŒ‹ğŸŒ‹ğŸŒ‹",0,anies ferry,0,neutral
2025-10-27T17:40:52Z,@JohanSitorus-z2h,"Suarakan bang,   Erick Thohir telah melakukan kejahatan yang luar biasa Dengan mengatur terlalu dalam komposisi Pemain, Gonta ganti formasi sesuai dengan keinginan nya yang mengakibatkan di pecatnya STY, karena tidak mau menuruti keinginannya.dan menghancurkan mimpi pecinta sepak bola tanpa rasa bersalah",0,suarakan bang erick thohir telah melakukan kejahatan yang luar biasa dengan mengatur terlalu dalam komposisi pemain gonta ganti formasi sesuai dengan keinginan nya yang mengakibatkan di pecatnya sty karena tidak mau menuruti keinginannya dan menghancurkan mimpi pecinta sepak bola tanpa rasa bersalah,-1,negative
2025-10-27T02:32:59Z,@mangasimarpaung978,Pemerintah menindas Olahraga Indonesia. <br>Masyarakat Olahraga Indonesia kog diam aja....... <br>Lawan dong.... bukan diam... tolol....,1,pemerintah menindas olahraga indonesia masyarakat olahraga indonesia kog diam aja lawan dong bukan diam tolol,-2,negative
2025-10-25T17:22:20Z,@PresidentOfGamers,"Sudah hampir setahun, saya masih patah hati STY dipecat .. Dulu sempat bersyukur di sisa hidup ini kita punya timnas yg (punya harapan) bisa mengalahkan semua lawan. Kalah pun dengan perlawanan, bukan terbantai.",0,sudah hampir setahun saya masih patah hati sty dipecat dulu sempat bersyukur di sisa hidup ini kita punya timnas yg punya harapan bisa mengalahkan semua lawan kalah pun dengan perlawanan bukan terbantai,-3,negative
2025-10-25T11:30:04Z,@bernama_tapi_kosong,"Point<br><a href=""https://www.youtube.com/watch?v=EtBfy-ch7cM&amp;t=1177"">19:37</a>  1. Bentuk tanggung jawab bapak ET.<br><a href=""https://www.youtube.com/watch?v=EtBfy-ch7cM&amp;t=1189"">19:49</a>  2. PK harus diganti,<br><a href=""https://www.youtube.com/watch?v=EtBfy-ch7cM&amp;t=1197"">19:57</a>  3. Pelatih yang kompeten...<br><a href=""https://www.youtube.com/watch?v=EtBfy-ch7cM&amp;t=1205"">20:05</a>  jangan salahkan masyarakat kalau kecewa ....<br><a href=""https://www.youtube.com/watch?v=EtBfy-ch7cM&amp;t=1258"">20:58</a>  balik lagi, yang disalahin ekspektasi masyarakat, trust the proses dan sty sudah mulai prosesnya dan di hentikan di tengah jalan for better good.",0,point bentuk tanggung jawab bapak et pk harus diganti pelatih yang kompeten jangan salahkan masyarakat kalau kecewa balik lagi yang disalahin ekspektasi masyarakat trust the proses dan sty sudah mulai prosesnya dan di hentikan di tengah jalan for better good,2,positive
2025-10-25T09:42:08Z,@ikramgunawan6536,"Mundur lagi targetnya bang, katanya 2034...ğŸ˜…",0,mundur lagi targetnya bang katanya,-1,negative
2025-10-24T11:21:20Z,@sulistyopa,"yg mundur harusnya netizen yg nge-viralin tagar <a href=""http://www.youtube.com/results?search_query=%23styout"">#STYOut</a> akhir taun kmren. paling ga mundurin mulutnya minimal 5 meter. tadinya mo nyalahin si Erick, tapi klo dipikir2 keputusannya ganti pelatih dulu salah satunya gegara viral tagar itu + minta dia mundut. jd mungkin mo ganti pelatih siapapun pasti juga bakal disalahin netizen konoha.",0,yg mundur harusnya netizen yg nge viralin tagar styout akhir taun kmren paling ga mundurin mulutnya minimal meter tadinya mo nyalahin si erick tapi klo dipikir keputusannya ganti pelatih dulu salah satunya gegara viral tagar itu minta dia mundut jd mungkin mo ganti pelatih siapapun pasti juga bakal disalahin netizen konoha,-3,negative
2025-10-24T11:21:05Z,@banuayucollection,Mantaf bahas bola sambil merokok sama kopi coyğŸ˜‚ğŸ˜‚ğŸ˜‚ğŸ˜‚ğŸ˜‚,0,mantaf bahas bola sambil merokok sama kopi coy,-1,negative
2025-10-23T02:00:33Z,@imamlarene6484,"Bener bener STY, Bagun timnas sepenuh hati,, ehhh tersusupi politik ancur dah,, ğŸ˜Š",0,bener bener sty bagun timnas sepenuh hati eh tersusupi politik ancur dah,1,positive
2025-10-22T19:22:09Z,@ADFZ24,"Dari sumpah sampai propaganda,<br>Dari nadi rakyat sampai sandiwara,<br>Kami hidup di naskah yang sama,<br>Berganti aktor, tapi lakonnya serupa!",1,dari sumpah sampai propaganda dari nadi rakyat sampai sandiwara kami hidup di naskah yang sama berganti aktor tapi lakonnya serupa,-1,negative
2025-10-22T00:03:00Z,@sobat.kuliner,Gara gara bacotan towel,0,gara gara bacotan towel,0,neutral
2025-10-21T15:45:54Z,@DenufardionZakaria,Sirna sudah bang harapan mau lihat team nasional masuk piala dunia<br>Anak Uda masuk SD nanti mungkin ğŸ˜…,0,sirna sudah bang harapan mau lihat team nasional masuk piala dunia anak uda masuk sd nanti mungkin,0,neutral
2025-10-20T14:04:43Z,@reshare99,"Btw gw lihat podcast bung Irwandi dan teh Poci (coach Justin) kasih kesempatan STY sampai piala Asia kalau gagal dipecat, saran gw lihat progres dan perlu definisikan gagalnya sampai mana?, kalau gagal pas final jadi Runner up juara dua kalah sama jepang menurut gw masih prestasi dan g perlu dipecat. At the point kalau mau ganti head coach baru minimal STY pelatih kelompok umur soalnya kalau masih ada STY tinggal melanjutkan kalau pelatih baru lagi mulai dari 0. Ingat progres kemarin bareng STY aja butuh waktu 5 tahun, gmn dengan pelatih baru, netizen kita aja ga sabaran",0,btw gw lihat podcast bung irwandi dan teh poci coach justin kasih kesempatan sty sampai piala asia kalau gagal dipecat saran gw lihat progres dan perlu definisikan gagalnya sampai mana kalau gagal pas final jadi runner up juara dua kalah sama jepang menurut gw masih prestasi dan g perlu dipecat at the point kalau mau ganti head coach baru minimal sty pelatih kelompok umur soalnya kalau masih ada sty tinggal melanjutkan kalau pelatih baru lagi mulai dari ingat progres kemarin bareng sty aja butuh waktu tahun gmn dengan pelatih baru netizen kita aja ga sabaran,1,positive
2025-10-20T13:57:20Z,@krizpamTJ,"gak tau malu tu erik, peluang kita ke pildun berikutnya akan lebih menantang, liat vietnam, malaysia, peta asia tenggara dah meningkat lho",0,gak tau malu tu erik peluang kita ke pildun berikutnya akan lebih menantang liat vietnam malaysia peta asia tenggara dah meningkat lho,-2,negative
2025-10-19T20:54:11Z,@arilsujana3971,"Ini cairnya gede bgt kayanya bang wkwkkwkw kata pepatah lama bilang, , ,kl lolos g dpt apa2, , , ,kalo kalah bs dpt cash + mobil + rumah ğŸ˜‚ğŸ˜‚ğŸ˜‚",0,ini cairnya gede bgt kayanya bang wkwkkwkw kata pepatah lama bilang kl lolos g dpt apa kalo kalah bs dpt cash mobil rumah,-1,negative
2025-10-19T15:50:58Z,@raffiattakichanel1308,"Bung towel gak ada komen ya bang., <br>Biasa nya waktu STY melatih timnas paling kritis.,",0,bung towel gak ada komen ya bang biasa nya waktu sty melatih timnas paling kritis,-2,negative
2025-10-19T01:48:00Z,@GakSangkaTV,"Produk cina memang selalu mendunia,kok di sia-siain ?",0,produk cina memang selalu mendunia kok di sia siain,0,neutral
2025-10-18T18:09:39Z,@senoaji262,"Semoga ada pelatih dari tim salah satu negara Arab,misal dari negara Arab Saudi,Irak,Iran.",0,semoga ada pelatih dari tim salah satu negara arab misal dari negara arab saudi irak iran,-1,negative
2025-10-18T16:12:42Z,@harisprasetio6240,"Gue dari kecil ngedukung timnas sampe dulu pas kecil pernah nazar utk puasa klo timnas menang lawan Malaysia, waktu semi final Piala Tiger, dan kejadian Indonesia menang padahal uhh ketinggalan agregat 2 gol, dari situ selalu dukung timnas, dan lama2 gue hopeless sama timnas, karena mulai gak jelas, kalah mulu, mainnya lelet, nendang ngasal dari situ gue mulai gak peduli, capek dukung timnas..<br><br>Suatu ketika STY masuk, disitu gue msh mandang sebelah mata, &quot;ah paling jg bakal langganan kalah kyk biasa&quot; itu pikiran gue pada awalnya, tp STY ngebuktiin klo kita bisa, dia ga cuma kasih mimpi, tapi dia hadirkan harapan, sampe akhirnya gue balik lg dukung timnas, update lg berita2 timnas, mulai semangat lg, eeh tiba2.... STY di pecat, digantiin Petrik tolol ini, haduh, gue mulai hilang harapan lg, karena gue fans Madrid dari taun 2000, jadi tau klo mecat pelatih bagus, pasti timnua bakalan surem, dan gue yakin klo itu akan terjadi ke timnas, dan bener aja..... sedih ya jadi supporter timnas yg punya asosiasi sepak bola cuma jadi alat politik...",0,gue dari kecil ngedukung timnas sampe dulu pas kecil pernah nazar utk puasa klo timnas menang lawan malaysia waktu semi final piala tiger dan kejadian indonesia menang padahal uhh ketinggalan agregat gol dari situ selalu dukung timnas dan lama gue hopeless sama timnas karena mulai gak jelas kalah mulu mainnya lelet nendang ngasal dari situ gue mulai gak peduli capek dukung timnas suatu ketika sty masuk disitu gue msh mandang sebelah mata quot ah paling jg bakal langganan kalah kyk biasa quot itu pikiran gue pada awalnya tp sty ngebuktiin klo kita bisa dia ga cuma kasih mimpi tapi dia hadirkan harapan sampe akhirnya gue balik lg dukung timnas update lg berita timnas mulai semangat lg eeh tiba sty di pecat digantiin petrik tolol ini haduh gue mulai hilang harapan lg karena gue fans madrid dari taun jadi tau klo mecat pelatih bagus pasti timnua bakalan surem dan gue yakin klo itu akan terjadi ke timnas dan bener aja sedih ya jadi supporter timnas yg punya asosiasi sepak bola cuma jadi alat politik,5,positive
2025-10-17T20:00:41Z,@aidilanas1116,Testing,0,testing,0,neutral
2025-10-17T19:59:22Z,@aidilanas1116,Tes abangku,0,tes abangku,0,neutral
2025-10-17T08:44:35Z,@MuhaiminSag,"Wahai orang-orang yang beriman, jika seorang fasik datang kepadamu membawa berita penting, maka telitilahh kebenarannya agar kamu tidak mencelakakan suatu kaum karena ketidaktahuan(-mu) yang berakibat kamu menyesali perbuatanmu itu. [Al Hujurat 6]<br><br><br>Mengapa orang-orang mukmin dan mukminat tidak berbaik sangka terhadap kelompok mereka sendiri, ketika kamu mendengar berita bohong itu, dan berkata, â€œIni adalah (berita) bohong yang nyata?â€ [An Nur 12]<br><br><br>(Ingatlah) ketika kamu menerima (berita bohong) itu dari mulut ke mulut; kamu mengatakan dengan mulutmu apa yang tidak kamu ketahui sedikit pun; dan kamu menganggapnya remeh, padahal dalam pandangan Allah itu masalah besar. [An Nur 15]<br><br><br>Wahai orang-orang yang beriman, bertakwalah kamu kepada Allah dan ucapkanlah perkataan yang benar. [70] Niscaya Dia (Allah) akan memperbaiki amal-amalmu dan mengampuni dosa-dosamu. Siapa yang menaati Allah dan Rasul-Nya, sungguh, dia menang dengan kemenangan yang besar. [71] Al-Ahzab 70-71",0,wahai orang orang yang beriman jika seorang fasik datang kepadamu membawa berita penting maka telitilahh kebenarannya agar kamu tidak mencelakakan suatu kaum karena ketidaktahuan mu yang berakibat kamu menyesali perbuatanmu itu al hujurat mengapa orang orang mukmin dan mukminat tidak berbaik sangka terhadap kelompok mereka sendiri ketika kamu mendengar berita bohong itu dan berkata ini adalah berita bohong yang nyata an nur ingatlah ketika kamu menerima berita bohong itu dari mulut ke mulut kamu mengatakan dengan mulutmu apa yang tidak kamu ketahui sedikit pun dan kamu menganggapnya remeh padahal dalam pandangan allah itu masalah besar an nur wahai orang orang yang beriman bertakwalah kamu kepada allah dan ucapkanlah perkataan yang benar niscaya dia allah akan memperbaiki amal amalmu dan mengampuni dosa dosamu siapa yang menaati allah dan rasul nya sungguh dia menang dengan kemenangan yang besar al ahzab,0,neutral
2025-10-17T06:01:47Z,@katoelook,BARU SIAP MAKAN MUNCUANG ANG PER,0,baru siap makan muncuang ang per,1,positive
2025-10-16T19:06:05Z,@fai3318,&quot;Susah betuuulllll Indonesia ya&quot; <br>bener-bener resah fakkk,0,quot susah betulll indonesia ya quot bener bener resah fak,-2,negative
2025-10-16T18:20:21Z,@maximumsecurity4846,"Memberantas mafia dalam sepakbola Indonesia bukan urusan sederhana, karena menyangkut jaringan kekuasaan, uang, dan budaya buruk yang sudah mengakar puluhan tahun. Namun, tetap ada langkah-langkah konkret yang secara ideal bisa ditempuh jika ingin perubahan nyata. Berikut pendekatan komprehensif:<br><br><br>---<br><br>ğŸ§­ 1. Reformasi Kelembagaan (PSSI &amp; Liga)<br><br>âœ… Transparansi Struktur &amp; Proses<br><br>Audit independen terhadap struktur PSSI dan operator liga.<br><br>Publikasi keuangan klub, hak siar, transfer pemain, dan gaji wasit secara terbuka.<br><br><br>âœ… Pembatasan Kekuasaan<br><br>Pembatasan masa jabatan pengurus PSSI.<br><br>Larangan rangkap jabatan (politikâ€“olahragaâ€“bisnis), karena konflik kepentingan sering menjadi pintu mafia.<br><br><br><br>---<br><br>ğŸ¯ 2. Perkuat Sistem Hukum &amp; Regulasi<br><br>âš–ï¸ Bentuk Satgas Sepakbola Khusus<br><br>Mirip Satgas Antimafia Bola tahun 2018, namun permanen, dengan wewenang:<br><br>Penyadapan, investigasi rekening,<br><br>Perlindungan whistleblower (pegawai PSSI, wasit, pemain).<br><br><br>ğŸ§¾ Penegakan Hukum Nyata<br><br>Kasus pengaturan skor (match-fixing) harus masuk ranah pidana, bukan sekadar â€œsanksi internal PSSIâ€.<br><br>Vonis tegas: penjara, larangan seumur hidup dari sepakbola, penyitaan aset ilegal.<br><br><br><br>---<br><br>ğŸ“¡ 3. Teknologi &amp; Transparansi Pertandingan<br><br>ğŸ¥ Gunakan Teknologi:<br><br>VAR (Video Assistant Referee) dengan operator independen.<br><br>Pemantauan pola taruhan online (betting scanner) untuk mendeteksi anomali skor.<br><br><br>ğŸ” Publikasi Statistik Wasit:<br><br>Siapa memimpin pertandingan, jumlah pelanggaran, kartu, keputusan penting â†’ diawasi publik.<br><br><br><br>---<br><br>ğŸ§ª 4. Filter Wasit &amp; Perangkat Pertandingan<br><br>Seleksi ulang semua wasit dengan tes integritas, psikologi, dan audit rekening.<br><br>Gaji wasit dan perangkat pertandingan dibuat layak untuk mencegah suap.<br><br>Rotasi wasit agar tidak ada &quot;langganan klub&quot;.<br><br><br><br>---<br><br>ğŸ—£ï¸ 5. Keterlibatan Suporter &amp; Media<br><br>Fans diberi platform pengaduan: laporkan kecurangan dengan bukti.<br><br>Media independen dilindungi hukum saat menginvestigasi mafia bola.<br><br><br>&gt; Mafia bertahan karena publik diam. Jika suporter bersatu, tekanan sosial bisa mendorong reformasi.<br><br><br><br><br>---<br><br>ğŸŒ± 6. Pendidikan Integritas Pemain Muda<br><br>Akademi klub wajib mengajar anti-match fixing education.<br><br>Kontrak pemain muda menyertakan klausul anti-mafia dengan sanksi berat.<br><br><br><br>---<br><br>ğŸ’¥ Kuncinya: POLITIK + HUKUM + TEKNOLOGI<br><br>Selama sepakbola dikuasai oleh mereka yang juga pegang kekuasaan politik &amp; bisnis, mafia akan selalu punya perlindungan. Maka, solusi harus nasional, bukan hanya teknis olahraga.<br><br>Jika mafia justru berada di dalam kepengurusan PSSI, maka masalahnya bukan lagi sekadar â€œoknumâ€, tetapi struktur kekuasaan yang korup. Ini jauh lebih sulit, karena:<br><br>Mereka yang seharusnya membersihkan, justru bagian dari kotoran.<br><br>Dalam situasi ini, satu-satunya jalan bukan reformasi internal, tetapi intervensi eksternal dan perombakan total (systemic overhaul). Berikut pendekatan yang mungkin:<br><br>ğŸ›‘ 1ï¸âƒ£ Akui Bahwa PSSI Tidak Bisa Membersihkan Diri Sendiri<br><br>PSSI tidak mungkin membongkar mafia dari dalam, karena:<br><br>Mereka melindungi jaringan, bukan memberantasnya.<br><br>Kepentingan politik &amp; bisnis menempel pada kursi PSSI.<br><br>Kesimpulan: PSSI tidak boleh dibiarkan mengawasi dirinya sendiri. Harus diawasi pihak luar.<br><br>ğŸ›ï¸ 2ï¸âƒ£ Intervensi Negara &amp; Komite Independen<br><br>ğŸ›ï¸ Bentuk Komisi Independen Sepakbola Nasional<br><br>Layaknya KPK untuk sepakbola, yang:<br><br>Tidak berada di bawah PSSI.<br><br>Berisi hakim, auditor, mantan pemain, ahli integritas.<br><br>Diberi kewenangan menyidik keuangan, transfer pemain, wasit.<br><br>ğŸ‘¨â€âš–ï¸ Libatkan KPK / Kejaksaan / Kepolisian<br><br>Pengaturan skor = tindak pidana korupsi &amp; penipuan publik.<br>Harus masuk pengadilan, bukan hanya sidang kode etik PSSI.<br><br>ğŸ§¨ 3ï¸âƒ£ Pembekuan PSSI sebagai Langkah Ekstrem<br><br>Pernah terjadi 2015 (era Menpora Imam Nahrawi). Walau berisiko sanksi FIFA, kadang pembekuan adalah jalan untuk reboot total, dengan syarat:<br><br>Pemerintah membentuk tim transisi dengan mandat reformasi.<br><br>FIFA diajak diplomasi: reform demi integritas.<br><br>ğŸ›‘ Risiko: Jika hanya dibekukan tanpa perombakan nyata â†’ situasi makin kacau.<br><br>ğŸ” 4ï¸âƒ£ Audit Harta &amp; Jejak Uang Pengurus PSSI<br><br>ğŸ’° Mafia bola bertahan lewat:<br><br>Pengaturan hosting event &amp; sponsor.<br><br>Suap promosi-degradasi tim.<br><br>Taruhan gelap internasional.<br><br>ğŸ” Audit wajib:<br><br>Rekening pribadi pengurus &amp; keluarga.<br><br>Laporan sponsor &amp; nilai transfer pemain.<br><br>Kontrak hak siar.<br><br>ğŸ—£ï¸ 5ï¸âƒ£ Tekanan Publik &amp; Suporter Sebagai â€œKekuatan Politikâ€<br><br>Tanpa tekanan publik, mafia di PSSI akan terus merasa aman.<br><br>ğŸº Suporter bisa menjadi kekuatan moral nasional:<br><br>Kampanye <a href=""http://www.youtube.com/results?search_query=%23bersihkanpssi"">#BersihkanPSSI</a><br><br>Boikot produk sponsor yang terlibat.<br><br>Arus opini media untuk menolak Kongres PSSI yang penuh transaksional.<br><br>Ingat:<br>Perubahan di sepakbola dunia sering datang dari pemberontakan suporter, bukan pengurus.<br>(Contoh: Revolusi suporter Jerman 2000-an, anti-mafia Italia 2006 Calciopoli)<br><br>ğŸ§­ Titik Akhir: PSSI Harus Dimulai Ulang, Bukan Diperbaiki<br><br>Selama kursi ketua dan komite PSSI adalah tempat barter kekuasaan politik-bisnis, maka sepakbola Indonesia tidak akan pulih.<br><br>Jika Ketua PSSI merangkap Menpora, yang artinya penguasa olahraga juga sekaligus pengawas dirinya sendiri. Dalam struktur seperti ini:<br><br>Tidak ada lagi garis antara pengambil kebijakan dan pihak yang seharusnya diawasi.<br><br>Itu menciptakan â€œconcentration of powerâ€, kondisi yang sangat ideal bagi mafia bertahan.<br><br>ğŸ§© Apa yang Terjadi Jika Ketua PSSI = Menpora?<br><br>PeranFungsi NormalMasalah jika DirangkapMenporaMengawasi PSSI &amp; sepakbola nasionalPengawasan lumpuh â€” tidak mungkin awasi diri sendiriKetua PSSIMenjalankan sepakbola profesional &amp; organisasiBerpotensi gunakan kekuasaan negara untuk kepentingan organisasi/politikFigur PolitikPunya akses sponsor, jaringan eliteKlub &amp; voters PSSI jadi alat politik, bukan olahraga <br><br>ğŸš¨ Akibat Fatal Model Kekuasaan Tunggal<br><br>Conflict of Interest Total: Semua keputusan strategis sepakbola ada di satu orang.<br><br>Tidak Ada Kontrol: DPR, publik, media jadi powerless jika semua pintu akses dipegang satu figur.<br><br>Potensi Mafia Lebih Kuat: Karena mafia punya â€œpayung kekuasaanâ€ tingkat tinggi.<br><br>ğŸ—ï¸ Jalan Keluar: Pisahkan Kekuasaan, Bentuk Pengawas Eksternal<br><br>SolusiTujuanLarangan Rangkap Jabatan (aturan resmi FIFA sebenarnya melarang intervensi politik dalam federasi)Cegah kepentingan politik masuk ke kebijakan sepakbolaKomite Independen Sepakbola NasionalAlternatif pengawasan saat Menpora dan PSSI adalah orang yang samaAudit &amp; Transparansi oleh DPR + KPKKarena Menpora tidak bisa mengaudit dirinya sendiri <br><br>ğŸ’¬ Pertanyaan Kunci yang Harus Kita Ajukan Publik:<br><br>Siapa yang mengawasi pengawas?<br><br>Apakah sepakbola alat negara, atau alat politik individu?<br><br>Apakah reformasi mungkin jika â€œtangan besiâ€ justru pegang semua pintu?<br><br>âš”ï¸ Singkatnya:<br><br>Selama kekuasaan sepakbola terkonsentrasi di satu orang (PSSI + Menpora), mafia tidak akan pernah takut dan tidak pernah hilang.<br>Karena mafia tidak hanya ada dalam pertandingan â€” mereka ada dalam struktur.",0,memberantas mafia dalam sepakbola indonesia bukan urusan sederhana karena menyangkut jaringan kekuasaan uang dan budaya buruk yang sudah mengakar puluhan tahun namun tetap ada langkah langkah konkret yang secara ideal bisa ditempuh jika ingin perubahan nyata berikut pendekatan komprehensif reformasi kelembagaan pssi amp liga transparansi struktur amp proses audit independen terhadap struktur pssi dan operator liga publikasi keuangan klub hak siar transfer pemain dan gaji wasit secara terbuka pembatasan kekuasaan pembatasan masa jabatan pengurus pssi larangan rangkap jabatan politik olahraga bisnis karena konflik kepentingan sering menjadi pintu mafia perkuat sistem hukum amp regulasi bentuk satgas sepakbola khusus mirip satgas antimafia bola tahun namun permanen dengan wewenang penyadapan investigasi rekening perlindungan whistleblower pegawai pssi wasit pemain penegakan hukum nyata kasus pengaturan skor match fixing harus masuk ranah pidana bukan sekadar sanksi internal pssi vonis tegas penjara larangan seumur hidup dari sepakbola penyitaan aset ilegal teknologi amp transparansi pertandingan gunakan teknologi var video assistant referee dengan operator independen pemantauan pola taruhan online betting scanner untuk mendeteksi anomali skor publikasi statistik wasit siapa memimpin pertandingan jumlah pelanggaran kartu keputusan penting diawasi publik filter wasit amp perangkat pertandingan seleksi ulang semua wasit dengan tes integritas psikologi dan audit rekening gaji wasit dan perangkat pertandingan dibuat layak untuk mencegah suap rotasi wasit agar tidak ada quot langganan klub quot keterlibatan suporter amp media fans diberi platform pengaduan laporkan kecurangan dengan bukti media independen dilindungi hukum saat menginvestigasi mafia bola gt mafia bertahan karena publik diam jika suporter bersatu tekanan sosial bisa mendorong reformasi pendidikan integritas pemain muda akademi klub wajib mengajar anti match fixing education kontrak pemain muda menyertakan klausul anti mafia dengan sanksi berat kuncinya politik hukum teknologi selama sepakbola dikuasai oleh mereka yang juga pegang kekuasaan politik amp bisnis mafia akan selalu punya perlindungan maka solusi harus nasional bukan hanya teknis olahraga jika mafia justru berada di dalam kepengurusan pssi maka masalahnya bukan lagi sekadar oknum tetapi struktur kekuasaan yang korup ini jauh lebih sulit karena mereka yang seharusnya membersihkan justru bagian dari kotoran dalam situasi ini satu satunya jalan bukan reformasi internal tetapi intervensi eksternal dan perombakan total systemic overhaul berikut pendekatan yang mungkin akui bahwa pssi tidak bisa membersihkan diri sendiri pssi tidak mungkin membongkar mafia dari dalam karena mereka melindungi jaringan bukan memberantasnya kepentingan politik amp bisnis menempel pada kursi pssi kesimpulan pssi tidak boleh dibiarkan mengawasi dirinya sendiri harus diawasi pihak luar intervensi negara amp komite independen bentuk komisi independen sepakbola nasional layaknya kpk untuk sepakbola yang tidak berada di bawah pssi berisi hakim auditor mantan pemain ahli integritas diberi kewenangan menyidik keuangan transfer pemain wasit libatkan kpk kejaksaan kepolisian pengaturan skor tindak pidana korupsi amp penipuan publik harus masuk pengadilan bukan hanya sidang kode etik pssi pembekuan pssi sebagai langkah ekstrem pernah terjadi era menpora imam nahrawi walau berisiko sanksi fifa kadang pembekuan adalah jalan untuk reboot total dengan syarat pemerintah membentuk tim transisi dengan mandat reformasi fifa diajak diplomasi reform demi integritas risiko jika hanya dibekukan tanpa perombakan nyata situasi makin kacau audit harta amp jejak uang pengurus pssi mafia bola bertahan lewat pengaturan hosting event amp sponsor suap promosi degradasi tim taruhan gelap internasional audit wajib rekening pribadi pengurus amp keluarga laporan sponsor amp nilai transfer pemain kontrak hak siar tekanan publik amp suporter sebagai kekuatan politik tanpa tekanan publik mafia di pssi akan terus merasa aman suporter bisa menjadi kekuatan moral nasional kampanye bersihkanpssi boikot produk sponsor yang terlibat arus opini media untuk menolak kongres pssi yang penuh transaksional ingat perubahan di sepakbola dunia sering datang dari pemberontakan suporter bukan pengurus contoh revolusi suporter jerman an anti mafia italia calciopoli titik akhir pssi harus dimulai ulang bukan diperbaiki selama kursi ketua dan komite pssi adalah tempat barter kekuasaan politik bisnis maka sepakbola indonesia tidak akan pulih jika ketua pssi merangkap menpora yang artinya penguasa olahraga juga sekaligus pengawas dirinya sendiri dalam struktur seperti ini tidak ada lagi garis antara pengambil kebijakan dan pihak yang seharusnya diawasi itu menciptakan concentration of power kondisi yang sangat ideal bagi mafia bertahan apa yang terjadi jika ketua pssi menpora peranfungsi normalmasalah jika dirangkapmenporamengawasi pssi amp sepakbola nasionalpengawasan lumpuh tidak mungkin awasi diri sendiriketua pssimenjalankan sepakbola profesional amp organisasiberpotensi gunakan kekuasaan negara untuk kepentingan organisasi politikfigur politikpunya akses sponsor jaringan eliteklub amp voters pssi jadi alat politik bukan olahraga akibat fatal model kekuasaan tunggal conflict of interest total semua keputusan strategis sepakbola ada di satu orang tidak ada kontrol dpr publik media jadi powerless jika semua pintu akses dipegang satu figur potensi mafia lebih kuat karena mafia punya payung kekuasaan tingkat tinggi jalan keluar pisahkan kekuasaan bentuk pengawas eksternal solusitujuanlarangan rangkap jabatan aturan resmi fifa sebenarnya melarang intervensi politik dalam federasi cegah kepentingan politik masuk ke kebijakan sepakbolakomite independen sepakbola nasionalalternatif pengawasan saat menpora dan pssi adalah orang yang samaaudit amp transparansi oleh dpr kpkkarena menpora tidak bisa mengaudit dirinya sendiri pertanyaan kunci yang harus kita ajukan publik siapa yang mengawasi pengawas apakah sepakbola alat negara atau alat politik individu apakah reformasi mungkin jika tangan besi justru pegang semua pintu singkatnya selama kekuasaan sepakbola terkonsentrasi di satu orang pssi menpora mafia tidak akan pernah takut dan tidak pernah hilang karena mafia tidak hanya ada dalam pertandingan mereka ada dalam struktur,-23,negative
2025-10-16T17:40:44Z,@rayaptanahofficial899,Dalam sebuah kata &quot; andai &quot;... andaikan dilatih Pep Guardiola pun team ini tidak akan lolos.. kenapa ? Ya itulah kualitas..<br>Rasa kecewa sebenarnya keseimbangan dari rasa Harapan !<br>....,0,dalam sebuah kata quot andai quot andaikan dilatih pep guardiola pun team ini tidak akan lolos kenapa ya itulah kualitas rasa kecewa sebenarnya keseimbangan dari rasa harapan,-1,negative
2025-10-16T16:32:26Z,@hscoffeeroasterychannel7098,"Bentuk pertanggungjawaban yg paling komplit dari Pak ET adalah (1) pecat PK, (2) mundur sebagai Ketum PSSI.<br>Apakah STY mau kembali ke Timnas? Saya kok ragu ya. Kalau memang sampai STY mau, ET harusnya malu dan mundur juga dari jabatan sebagai Menpora.",0,bentuk pertanggungjawaban yg paling komplit dari pak et adalah pecat pk mundur sebagai ketum pssi apakah sty mau kembali ke timnas saya kok ragu ya kalau memang sampai sty mau et harusnya malu dan mundur juga dari jabatan sebagai menpora,-4,negative
2025-10-16T16:31:14Z,@ShofilMubarrok-u3q8x,ET GOBLOK,0,et goblok,0,neutral
2025-10-16T16:30:04Z,@ShofilMubarrok-u3q8x,ET gak punya tanggung jawab,0,et gak punya tanggung jawab,0,neutral
2025-10-16T07:45:29Z,@auliasinarjaya8694,"Timnas usia muda yg dibangun Indra Syafri &amp; Fahri Husaini yg sudah terbentuk bisa mengalahkan KoSel dan Iran dan negara kuat lainnya dirusak PSSI dengan memasukkan STY, jika dilanjutkan bisa lebih Timnas Indonesia. Kemudian STY membangun Timnas dengan memanen pemain generasi emas Indonesia binaan sebelumnya diputus kontrak karena karena sering blunder, gonta-ganti pemain dan minim kemampuan komunikasi diganti Patrik, yg punya rekam jejak kasus judi...",0,timnas usia muda yg dibangun indra syafri amp fahri husaini yg sudah terbentuk bisa mengalahkan kosel dan iran dan negara kuat lainnya dirusak pssi dengan memasukkan sty jika dilanjutkan bisa lebih timnas indonesia kemudian sty membangun timnas dengan memanen pemain generasi emas indonesia binaan sebelumnya diputus kontrak karena karena sering blunder gonta ganti pemain dan minim kemampuan komunikasi diganti patrik yg punya rekam jejak kasus judi,3,positive
2025-10-16T07:02:03Z,@nikovarv6774,"STY dan PK tetaplah jadi kenangan... Jangan Kembali lagi... masih ada banyak pilihan..<br>&quot;contoh Alegri yang di pecat, dan kembali ke bianconeri, endingnya juga putus&quot;...",0,sty dan pk tetaplah jadi kenangan jangan kembali lagi masih ada banyak pilihan quot contoh alegri yang di pecat dan kembali ke bianconeri endingnya juga putus quot,-1,negative
2025-10-16T06:31:29Z,@JK4R-69,Beneran dipecat Anjir si Patrick... Ferry lagi-lagi 100% Winrate ğŸ˜‚,0,beneran dipecat anjir si patrick ferry lagi lagi winrate,0,neutral
2025-10-16T04:42:19Z,@ryeadhiakhbar8925,"Assalamu&#39;alaikum selamat siang Pak ferry, maaf kalo misal acara podcast trifellas bareng Kochi, coba pak counter kochi perihal perkataan dia tentang peningkatan prestasi timnas semata2 karena pemain diaspora itu salah pak. Menurut saya peningkatan prestasi timnas itu murni karena Sty, sehingga pemain diaspora mau datang ke Indonesia. Bpk ferry coba tonton cuplikan dimana Indonesia lolos kualifikasi ke Piala Asia senior 2023 itu cuman andalkan naturalisasi macam klok dan lilipaly saja pak tanpa diaspora yg skrng, justru karena prestasi itu lah pemain diaspora kita pada datang dan mau membela Indonesia. Kita juga mengingat bagaimana dlu mees hilgers, kevin diks, emil audero menolak membela timnas kita saat itu, baru mau saat prestasi timnas meningkat bersama Shin tae yong. Itu aja pak yg saya sampaikan mohon maaf dan Terima kasih wasalamualaikum wr wb",0,assalamu alaikum selamat siang pak ferry maaf kalo misal acara podcast trifellas bareng kochi coba pak counter kochi perihal perkataan dia tentang peningkatan prestasi timnas semata karena pemain diaspora itu salah pak menurut saya peningkatan prestasi timnas itu murni karena sty sehingga pemain diaspora mau datang ke indonesia bpk ferry coba tonton cuplikan dimana indonesia lolos kualifikasi ke piala asia senior itu cuman andalkan naturalisasi macam klok dan lilipaly saja pak tanpa diaspora yg skrng justru karena prestasi itu lah pemain diaspora kita pada datang dan mau membela indonesia kita juga mengingat bagaimana dlu mees hilgers kevin diks emil audero menolak membela timnas kita saat itu baru mau saat prestasi timnas meningkat bersama shin tae yong itu aja pak yg saya sampaikan mohon maaf dan terima kasih wasalamualaikum wr wb,9,positive
2025-10-16T04:34:21Z,@protusak5392,Resumenya Patrick buruk semua lo ğŸ˜‚ at least Justin dibournemouth gacor,0,resumenya patrick buruk semua lo at least justin dibournemouth gacor,-1,negative
2025-10-16T02:48:06Z,@tahnadana5435,seseorang harus mundur? seseorang harus mati!,0,seseorang harus mundur seseorang harus mati,-2,negative
2025-10-15T23:13:03Z,@indrajati5061,Sakit banget hati gw liat potensi besar timnas garuda saat ini yang malah dihancur leburkan oleh orang2 yg lebih mengedepankan EGO !,0,sakit banget hati gw liat potensi besar timnas garuda saat ini yang malah dihancur leburkan oleh orang yg lebih mengedepankan ego,0,neutral
2025-10-15T22:41:08Z,@chi-4-b9,"Bung Erika ini fungsinya apa ya, kok kepakai terus, BUMN banyak yg merugi",0,bung erika ini fungsinya apa ya kok kepakai terus bumn banyak yg merugi,0,neutral
2025-10-15T16:15:04Z,@rizprayt,"STY itu pelatih kelas pildun, ngelatih korsel yang top 25 dunia, pernah ngalahin jerman di pildun waktu jadi head coach korsel, punya pengetahuan, pemahaman dan jam terbang tinggi lawan tim asia yang dimana ini sangat penting karena sebelum ke pildun kita harus lewat kualifikasi yang lawannya tim asia semua, malah dituker sama sekelas PK, sungguh benar-benar mindblowing",0,sty itu pelatih kelas pildun ngelatih korsel yang top dunia pernah ngalahin jerman di pildun waktu jadi head coach korsel punya pengetahuan pemahaman dan jam terbang tinggi lawan tim asia yang dimana ini sangat penting karena sebelum ke pildun kita harus lewat kualifikasi yang lawannya tim asia semua malah dituker sama sekelas pk sungguh benar benar mindblowing,4,positive
2025-10-15T15:08:36Z,@vitalityendurance1456,meskipun nunggu 5 tahun lagi apa berapa lama pun kalo cara milih pelatihnya masih model sama kayak waktu pemilihan patrick kluivert ya sama aja<br>kita semua ampe sekarang kan masih heran &quot;apa sebenarnya alasan patrick kluivert dipilih sebagai pelatih ??&quot;,0,meskipun nunggu tahun lagi apa berapa lama pun kalo cara milih pelatihnya masih model sama kayak waktu pemilihan patrick kluivert ya sama aja kita semua ampe sekarang kan masih heran quot apa sebenarnya alasan patrick kluivert dipilih sebagai pelatih quot,1,positive
2025-10-15T14:40:45Z,@dimassetya7,&quot;itu kan proyek ET sebagai ketua Federasiâ˜ğŸ»ğŸ¤“&quot; blogğŸ˜‚ jangan samain ET sama Florentino Perez blogğŸ˜‚,0,quot itu kan proyek et sebagai ketua federasi quot blog jangan samain et sama florentino perez blog,0,neutral
2025-10-15T13:49:51Z,@AchSafee,"ET harus tanggung jawab, ET sama Patric Mundurrrrrr",0,et harus tanggung jawab et sama patric mundurr,0,neutral
2025-10-15T13:25:37Z,@kenthunk3148,"lanjut,,agar makin kompak",0,lanjut agar makin kompak,1,positive
2025-10-15T11:53:16Z,@jefripinem2500,"Mungkin alasan terbesar untuk mempertahankan petrick, supaya pemain titipan bisa masuk timnas.<br>MUNGKIN.<br>ğŸ™„ğŸ™„",0,mungkin alasan terbesar untuk mempertahankan petrick supaya pemain titipan bisa masuk timnas mungkin,-3,negative
2025-10-15T09:38:47Z,@SutarmanTarman-j5k,Sieto pikiran ny cuma cuan,0,sieto pikiran ny cuma cuan,0,neutral
2025-10-15T08:50:29Z,@zainaldo2277,Ganti pelatih sudah sering. Lebih baik ganti seluruh pemain. Sebenarnya di negara ini ada cukup banyak pemain berbakat seperti Messi dan Ronaldo hanya saja mereka kalah bersaing dengan mereka yang memiliki bantuan dari orang dalam,0,ganti pelatih sudah sering lebih baik ganti seluruh pemain sebenarnya di negara ini ada cukup banyak pemain berbakat seperti messi dan ronaldo hanya saja mereka kalah bersaing dengan mereka yang memiliki bantuan dari orang dalam,3,positive
2025-10-15T08:21:32Z,@ahmadafandhi6222,2x liat video ini.. saya masih berat nrima kenyataan.. tersungkur karena keadaan internal kita sendiri,0,x liat video ini saya masih berat nrima kenyataan tersungkur karena keadaan internal kita sendiri,-1,negative
2025-10-15T07:46:25Z,@muhalilhalil266,ET ganti Ratu Tisha aja sekalian ğŸ˜‚,0,et ganti ratu tisha aja sekalian,0,neutral
2025-10-15T07:30:55Z,@ghayz,Si arya sinalungga pecat,0,si arya sinalungga pecat,0,neutral
2025-10-15T07:10:10Z,@okebor725,Untung dah gak liat semenjak ganti pelatih. Karena wajah pelatih baru tidak meyakinkan dan tidak membangun tim yang baik malah hanya main taktik tai,0,untung dah gak liat semenjak ganti pelatih karena wajah pelatih baru tidak meyakinkan dan tidak membangun tim yang baik malah hanya main taktik tai,2,positive
2025-10-15T07:03:28Z,@setiabudigood898,Yg mundur dulu Ketum PSSI dan Exco PSSI dibubarkan ini laa benaluuu di Indonesia dan PSSI.jangan percaya pelatih Eropa SDH terbuk Luis Mila gagal total karna Mafia bola di Indonesia.,0,yg mundur dulu ketum pssi dan exco pssi dibubarkan ini laa benalu di indonesia dan pssi jangan percaya pelatih eropa sdh terbuk luis mila gagal total karna mafia bola di indonesia,-2,negative
2025-10-15T06:43:15Z,@CruelAy-p8g,gedeg banget emang astaga. <br>patrick buruan balik ke Bikini Bottom ga lo ğŸ˜¤,0,gedeg banget emang astaga patrick buruan balik ke bikini bottom ga lo,0,neutral
2025-10-15T05:44:15Z,@martiasdriver3219,"mimpi nii ye.........,. masuk piala dunia. mundur pak Erik jdi ketua PSSI<br>banyak yg lain mau menjadi ketua PSSI yg mau bangun timnas Indonesia.",0,mimpi nii ye masuk piala dunia mundur pak erik jdi ketua pssi banyak yg lain mau menjadi ketua pssi yg mau bangun timnas indonesia,0,neutral
2025-10-15T05:15:12Z,@petratobing4321,STY ibarat kepsek yang dipolisikan krna nmpar siswa yang merokok ğŸ¤£ğŸ¤£,0,sty ibarat kepsek yang dipolisikan krna nmpar siswa yang merokok,-1,negative
2025-10-15T05:02:22Z,@olimsarutobi-l1v,Fuck up Erick Thohir ğŸ–•,0,fuck up erick thohir,-1,negative
2025-10-15T03:59:30Z,@lukmanwibowo1681,kasih kesempatan pastor jadi head coach untuk piala asia dan match day...menghemat  uang pssi..,0,kasih kesempatan pastor jadi head coach untuk piala asia dan match day menghemat uang pssi,3,positive
2025-10-15T03:51:53Z,@ibnuaziz232,"Pak, request research nilai U-6 unemployment di Indonesia",0,pak request research nilai u unemployment di indonesia,1,positive
2025-10-15T03:35:47Z,@muhammadsultanfajar2745,Justin hubne,0,justin hubne,0,neutral
2025-10-15T03:02:56Z,@snazbelle,Pak ET menang jagoannya merusak harapan bangsa Indonesia. ğŸ‘,0,pak et menang jagoannya merusak harapan bangsa indonesia,0,neutral
2025-10-15T03:01:42Z,@nashibashi5786,"BANG, GW TAU LU PEROKOK AKTIF YANG BAHKAN PERNAH BIKIN KONTEN TENTANG ROKOK. TAPI GW PENASARAN, KALAU ANAK LU DITEGUR GURU GARAÂ² MEROKOK, TINDAKAN LU BAGAIMANA? <br><br>MEMARAHI GURUNYA JUGA KAH?",0,bang gw tau lu perokok aktif yang bahkan pernah bikin konten tentang rokok tapi gw penasaran kalau anak lu ditegur guru gara merokok tindakan lu bagaimana memarahi gurunya juga kah,-3,negative
2025-10-15T02:42:16Z,@Rageyoi,"Die jd pemaen juga biasaÂ² aj tuh.. tauÂ² direkrut jd pelatih ğŸ˜‚, emang dasar konohağŸ˜…",0,die jd pemaen juga biasa aj tuh tau direkrut jd pelatih emang dasar konoha,-2,negative
2025-10-15T02:30:50Z,@dhanydaniel7413,mari kita hancurkan juga mimpi ET di pilpres,0,mari kita hancurkan juga mimpi et di pilpres,1,positive
2025-10-15T02:30:00Z,@dhanydaniel7413,kenapa harus seseorang harus mundur? Yang Harus Mundur ya SEMUA,0,kenapa harus seseorang harus mundur yang harus mundur ya semua,-2,negative
2025-10-15T02:21:12Z,@FaridSetyawan-ve6pn,"gagal dari target yg diharapkan sah-sah saja, wajar saja jika terjadi pelatih harus diganti karena gagal memenuhi ekspetasi, yg tidak wajar adalah menghujatnya...coba diambil gambaran dan hikmahnya dulu jerman gagal total di piala dunia 2006 sebagai tuan rumah maka joachim low menggantikan klinsman...setelahnya low membangun timnas jerman namun tetap gagal di piala dunia 2010...membangun lagi timnas dan akhirnya berhasil di piala dunia 2014 sebagai juara (rentang waktu 8 tahun)...membangun timnasnya lagi gagal di piala dunia 2018, membangun lagi timnasnya namun tetap gagal di piala dunia 2022....rentang waktu begitu panjang dalam membangun timnas... fakta kita gagal dari target harusnya memacu semangat yg lebih lagi untuk membangun timnas agar menjadi lebih baik dan mencapai target bukan menghujat serta mengkambing hitamkan. (terlintas pemikiran menggelitik, apakah sebenarnya Tohir menyelamatkan muka sty agar tidak menjadi kambing hitam kegagalan timnas.....peace). Terus melangkah maju timnas, kegagalan jadikan cambuk semangat untuk meraih kejayaan.",0,gagal dari target yg diharapkan sah sah saja wajar saja jika terjadi pelatih harus diganti karena gagal memenuhi ekspetasi yg tidak wajar adalah menghujatnya coba diambil gambaran dan hikmahnya dulu jerman gagal total di piala dunia sebagai tuan rumah maka joachim low menggantikan klinsman setelahnya low membangun timnas jerman namun tetap gagal di piala dunia membangun lagi timnas dan akhirnya berhasil di piala dunia sebagai juara rentang waktu tahun membangun timnasnya lagi gagal di piala dunia membangun lagi timnasnya namun tetap gagal di piala dunia rentang waktu begitu panjang dalam membangun timnas fakta kita gagal dari target harusnya memacu semangat yg lebih lagi untuk membangun timnas agar menjadi lebih baik dan mencapai target bukan menghujat serta mengkambing hitamkan terlintas pemikiran menggelitik apakah sebenarnya tohir menyelamatkan muka sty agar tidak menjadi kambing hitam kegagalan timnas peace terus melangkah maju timnas kegagalan jadikan cambuk semangat untuk meraih kejayaan,9,positive
2025-10-15T01:41:08Z,@abdulfarelfarel9689,"TEAM NAS INDONESIA GAK PERCAYA DIRI DENGAN PEMAINÂ² ASLI INDONESIA NEGERI SENDIRI,, <br>KEBANYAKAN ORGÂ² LOKAL<br>ğŸ˜‚ğŸ˜‚ğŸ˜‚ğŸ˜‚<br>GAK ADA TUH 1 TEAM 11 PEMAIN GAK ADA  PEMAIN DARI PEKALONGAN <br>TEGAL, BANDUNG, BEKASI, JAKARTA, PAPUA, SUMATRA, DARI SABANG SAMPAI MERAUKE,, ğŸ˜‚ğŸ˜‚ğŸ˜‚ğŸ˜‚<br>Bukan masalah pelatih  luar yg membawa mimpi Indonesia menuju piala Dunia,, <br>Masih banyak pelatihÂ² Indonesia yg handal,, <br>Pemain Indonesia asli yg berbakatğŸ˜‚ğŸ˜‚ğŸ˜‚ğŸ˜‚ğŸ˜‚",0,team nas indonesia gak percaya diri dengan pemain asli indonesia negeri sendiri kebanyakan org lokal gak ada tuh team pemain gak ada pemain dari pekalongan tegal bandung bekasi jakarta papua sumatra dari sabang sampai merauke bukan masalah pelatih luar yg membawa mimpi indonesia menuju piala dunia masih banyak pelatih indonesia yg handal pemain indonesia asli yg berbakat,5,positive
2025-10-15T00:59:27Z,@Bibo_Clipper,bang bahas salah satu tv nasional yang katanya di boikot itu bang,1,bang bahas salah satu tv nasional yang katanya di boikot itu bang,-2,negative
2025-10-15T00:42:50Z,@rizharizki9045,"Kyknya kalo mundur aja buat mereka hal yg ringan om, harus ada konsekuensi yg lebih berat",0,kyknya kalo mundur aja buat mereka hal yg ringan om harus ada konsekuensi yg lebih berat,0,neutral
2025-10-15T00:28:44Z,@Hazil-n7l,jika masih pk pelatih pssi hancur bsik mundur,0,jika masih pk pelatih pssi hancur bsik mundur,-2,negative
2025-10-15T00:27:29Z,@Hazil-n7l,pk mundur dan ketum harus mundur,0,pk mundur dan ketum harus mundur,-2,negative
2025-10-15T00:24:14Z,@shinobufujibe677,2100gak akan pernah Indonesia maju ke Piala Dunia kalau di dalam PSSI masih ada parasit ğŸ˜‚ trima dan legowo,0,gak akan pernah indonesia maju ke piala dunia kalau di dalam pssi masih ada parasit trima dan legowo,1,positive
2025-10-15T00:23:48Z,@akunku4268,Tanyakan ke pak erik tohir.. Dia pemimpin nya.... Knp hilang bgtu saja...,0,tanyakan ke pak erik tohir dia pemimpin nya knp hilang bgtu saja,-1,negative
2025-10-14T23:24:56Z,@satriapanca5107,Ini pelatih jejak karirnya apa? Kemampuan dia pas jadi pemain bola apa? Kenapa pssi membuang pelatih emasnya padahal pelatih sty jarang di temui didunia dan tipe tipe pelatih yang 10.000 tahun sekali baru ada pelatih macem ini? Apa urgensi dan agenda pak erik tohir memilih pelatih ini?,0,ini pelatih jejak karirnya apa kemampuan dia pas jadi pemain bola apa kenapa pssi membuang pelatih emasnya padahal pelatih sty jarang di temui didunia dan tipe tipe pelatih yang tahun sekali baru ada pelatih macem ini apa urgensi dan agenda pak erik tohir memilih pelatih ini,0,neutral
2025-10-14T23:02:32Z,@thony446,ET dengan sadar diri harus mundur,0,et dengan sadar diri harus mundur,-1,negative
2025-10-14T22:43:24Z,@zunaidi7522,Indonesia banget gitu lohğŸ˜‚,0,indonesia banget gitu loh,0,neutral
2025-10-14T20:36:49Z,@KingLeomordEpic,Kalau saya harus pilih jika PK d pecat ..pilihannya ya balikin STY atau naikin Alex pastoor ..atau jesus casas...titik itu saja sih pendapat saya ..karena jesus casas GK trkategori gagal karena kalah selisih saja dgn jordania,0,kalau saya harus pilih jika pk d pecat pilihannya ya balikin sty atau naikin alex pastoor atau jesus casas titik itu saja sih pendapat saya karena jesus casas gk trkategori gagal karena kalah selisih saja dgn jordania,-3,negative
2025-10-14T19:49:59Z,@dendyjunaika,Udah indobesia gagal rrq jg ga lolos playoff.. Lengkap dahğŸ˜…,0,udah indobesia gagal rrq jg ga lolos playoff lengkap dah,-2,negative
2025-10-14T19:46:36Z,@cpbt-b8w,"Jangn word cup dulu deh benerin kompetisi domestik dulu,dari dulu sampai sekarang kok kaya GK ada perubahan.dah 2025 siaran langsung kaya make hp .noh liat yg main di pildun kompetisi domestik nya dah bagus bagus ,mereka negara yg punya banyak progres di masa depan bukan cuman dikit dikit keturunan dikit dikit keturunan.belajar dari negara lain dong PSSI,cuman OMON omon doang kalo masih gini kualitas kita GK bakalan masuk pildun .cuman ngimpi doang...",0,jangn word cup dulu deh benerin kompetisi domestik dulu dari dulu sampai sekarang kok kaya gk ada perubahan dah siaran langsung kaya make hp noh liat yg main di pildun kompetisi domestik nya dah bagus bagus mereka negara yg punya banyak progres di masa depan bukan cuman dikit dikit keturunan dikit dikit keturunan belajar dari negara lain dong pssi cuman omon omon doang kalo masih gini kualitas kita gk bakalan masuk pildun cuman ngimpi doang,3,positive
2025-10-14T19:13:54Z,@Furry_aj,"Bang coba lu tantangin santet orang dayak atau banyuwangi, buat mereka marah dan jangan di umbar di sosmed.",1,bang coba lu tantangin santet orang dayak atau banyuwangi buat mereka marah dan jangan di umbar di sosmed,-1,negative
2025-10-17T03:25:30Z,@i-star3543,1. Tujuan lu apa emangnya<br>2. Takut di umbar di sosmed? Kan kalo terbukti jadi makin laris tuh &quot;dukun&quot;<br>3. Lu siapa?,0,tujuan lu apa emangnya takut di umbar di sosmed kan kalo terbukti jadi makin laris tuh quot dukun quot lu siapa,-2,negative
2025-10-17T13:48:41Z,@Furry_aj,â€‹â€‹@i-star35431 yang bisa nyantet dapat hadiah<br>2 yang nyantet bisa dipolisikan karena ada bukti dari pengakuan si penyantet<br>3 lu bego&#39; gak faham pola jebakan dengan iming iming hadiah,1,i star yang bisa nyantet dapat hadiah yang nyantet bisa dipolisikan karena ada bukti dari pengakuan si penyantet lu bego gak faham pola jebakan dengan iming iming hadiah,-2,negative
2025-10-14T19:10:53Z,@bodonk23,Mimpi lolos pildun ? Mimpi basah kali ğŸ˜‚ğŸ˜‚ğŸ˜‚,0,mimpi lolos pildun mimpi basah kali,0,neutral
2025-10-14T18:17:24Z,@widiyantoro6878,"KLU NGEBAHAS KLUIVERT OUT ATAW STAY,,,, NTR MREKA PNGURUS FEDERASI AMAN,,,,REVOLUSI PNGURUS FEDERASI SIH INI HARUSNYA !!!! HARUS D BONGKAR K BUSUKAN ORG&quot; YG D FEDERASI!!!!",0,klu ngebahas kluivert out ataw stay ntr mreka pngurus federasi aman revolusi pngurus federasi sih ini harusnya harus d bongkar k busukan org quot yg d federasi,1,positive
2025-10-14T18:09:27Z,@widiyantoro6878,"BANG ,,JANGN TERBAWA ALUR SITUASI YG MREKA RENCANAKAN!!!! JNGN TERLALU BHAS KLUIVERT OUT ATAW STAY,,,,, LEBIH K KNPA STY OUT TRUS D GANTI KLUIVERT,, BONGKAR NIAT FEDERASI INI AP???? BISNIS/MAFIA ATW MO PRESTASI YG D CARI!!!!",0,bang jangn terbawa alur situasi yg mreka rencanakan jngn terlalu bhas kluivert out ataw stay lebih k knpa sty out trus d ganti kluivert bongkar niat federasi ini ap bisnis mafia atw mo prestasi yg d cari,-1,negative
2025-10-14T18:02:58Z,@jimmyseo1529,"Indonesia terkutuk karena sudah kutuk israel ğŸ‡®ğŸ‡± sampai dunia kiamat indonesia tdk akan pernah maju maju, salam dri papua freedom ğŸ‡®ğŸ‡±ğŸ‡¨ğŸ‡ºğŸ’ªğŸ¾ indo penjajah",0,indonesia terkutuk karena sudah kutuk israel sampai dunia kiamat indonesia tdk akan pernah maju maju salam dri papua freedom indo penjajah,1,positive
2025-10-14T17:33:11Z,@LahrukuGameiN,Masih menunggu bang Ferry bahas kejagung yg saat ini oknum-oknum di dalamnya mulai berulah. <br><br>Itupun kalau berani kritik kejagungğŸ˜…ğŸ˜…,0,masih menunggu bang ferry bahas kejagung yg saat ini oknum oknum di dalamnya mulai berulah itupun kalau berani kritik kejagung,0,neutral
2025-10-14T17:28:31Z,@satriadarilerengsumbing,"Hir hir tohir tanggung jawab awakmu, begitulah kira kira narasi wong jowo bagian wetan nek kangol",0,hir hir tohir tanggung jawab awakmu begitulah kira kira narasi wong jowo bagian wetan nek kangol,0,neutral
2025-10-14T17:10:04Z,@agustiantimoti8833,"kegagalan ini penting, agar pak ET sadar kalau salah langkah. tapi masalahnya, tidak sadar :)",0,kegagalan ini penting agar pak et sadar kalau salah langkah tapi masalahnya tidak sadar,-1,negative
2025-10-14T16:24:22Z,@ripinjoputra7073,Erick out kluivert out.,0,erick out kluivert out,0,neutral
2025-10-14T16:02:17Z,@siroyotokoyo,Patrick Kluivert : habis terang terbitlah GELAP (IRENG kek kulitnya) MADESU (masa depan suram) ğŸ’©ğŸ’©ğŸ’©,1,patrick kluivert habis terang terbitlah gelap ireng kek kulitnya madesu masa depan suram,-1,negative
2025-10-14T15:54:48Z,@Seginija,Ulahh towelll semua nya,0,ulahh towel semua nya,0,neutral
2025-10-14T15:39:25Z,@budiamarullah4050,"Timnas Garuda gagal melaju ke putaran final piala dunia 2026,,, Ketum PSSI akan dipanggil MENPORA..ğŸ˜‚ğŸ¤£ğŸ¤£ğŸ¤£",0,timnas garuda gagal melaju ke putaran final piala dunia ketum pssi akan dipanggil menpora,0,neutral
2025-10-14T15:36:57Z,@dayscorporation488,"STY sudah bagus tapi masih di ganti, ERICK TOHIR HARUS DI WASPADAIâ€¦!!!!!!!!!!",0,sty sudah bagus tapi masih di ganti erick tohir harus di waspadai,1,positive
2025-10-14T15:25:28Z,@Cookingeveryw,"Hidup di indo mau happy lewat jalur timnas aja masih di akalin sama petinggi ğŸ˜¢ , penentuan sbenere pas vs arab",0,hidup di indo mau happy lewat jalur timnas aja masih di akalin sama petinggi penentuan sbenere pas vs arab,1,positive
2025-10-14T15:25:08Z,@samraharjo5423,Apakah alex pastoor cocok mengganti kan patrick Kluivert sampai piala asia?,0,apakah alex pastoor cocok mengganti kan patrick kluivert sampai piala asia,2,positive
2025-10-14T15:19:54Z,@mahmudrs9046,Apa yang mau di pertahankan dr SEORANG PK ini. Data statistiknya bahkan lebih buruk dari STY. 6 match 4 kekalahan. Sangat buruk apalagi lawan Arab Saudi yang sebetulnya kita bisa menang. INTINYA HARUS ADA YANG BERTANGGUNG JAWAB PK ATAU ET OUTâ—,0,apa yang mau di pertahankan dr seorang pk ini data statistiknya bahkan lebih buruk dari sty match kekalahan sangat buruk apalagi lawan arab saudi yang sebetulnya kita bisa menang intinya harus ada yang bertanggung jawab pk atau et out,-1,negative
2025-10-14T15:11:42Z,@O-Project,"Federasi BANGSAT krn isinya orang2 BANGSAT. <br>PK pelatih GOBLOK tdk punya track record bagus kok di rekrut, ternyata isinya Federasi orang2 BANGSAT.",0,federasi bangsat krn isinya orang bangsat pk pelatih goblok tdk punya track record bagus kok di rekrut ternyata isinya federasi orang bangsat,1,positive
2025-10-14T14:44:14Z,@rubenzeconis5808,Coach kluivert  kurang experience di sepakbola Asia bang.<br><br>Sekaran kita bisa bilang Blunder terbesar PSSI adalah Ganti STY hanya karena pertandigan lawan China,0,coach kluivert kurang experience di sepakbola asia bang sekaran kita bisa bilang blunder terbesar pssi adalah ganti sty hanya karena pertandigan lawan china,-1,negative
2025-10-14T14:43:57Z,@ferwintazen6144,Erick Tohir harus mundur secara ksatria dia yg paling bertanggungjawab atas team PSSI !!!,0,erick tohir harus mundur secara ksatria dia yg paling bertanggungjawab atas team pssi,-1,negative
2025-10-14T14:33:46Z,@Fikry25,Petrik mundur erik mundur ganti ama nurdin halid sekalian biar balik ke kegelapan ğŸ˜‚ğŸ˜‚ğŸ˜‚,0,petrik mundur erik mundur ganti ama nurdin halid sekalian biar balik ke kegelapan,-3,negative
2025-10-14T14:31:27Z,@septiansby,"Ada yg bilang, &quot;kalau memang fans sejati dukunglah Timnas jangan hanya ketika menang, tapi tetap dukung ketika kalah&quot;<br><br>AAHHH... TAIKLAH..<br>DAH MUAK...<br>DARI GW KECIL, SAMPE DAH HAMPIR TUA, BEGINI TERUS ENDINGNYA...",0,ada yg bilang quot kalau memang fans sejati dukunglah timnas jangan hanya ketika menang tapi tetap dukung ketika kalah quot aah taiklah dah muak dari gw kecil sampe dah hampir tua begini terus endingnya,1,positive
